{
	"generator_info": "Shape definitions generated with PhysicsEditor. Visit https://www.codeandweb.com/physicseditor",
	"acorn1": {
		"type": "fromPhysicsEditor",
		"label": "acorn1",
		"isStatic": false,
		"density": 0.10000000149011612,
		"restitution": 0,
		"friction": 0.10000000149011612,
		"frictionAir": 0.009999999776482582,
		"frictionStatic": 0.5,
		"collisionFilter": {
			"group": 0,
			"category": 1,
			"mask": 255
		},
		"fixtures": [
			{
				"label": "",
				"isSensor": false,
				"vertices": [
					[ { "x":8, "y":55 }, { "x":8, "y":57 }, { "x":11, "y":82 }, { "x":11, "y":54 } ],
					[ { "x":19, "y":47 }, { "x":18, "y":49 }, { "x":11, "y":82 }, { "x":22, "y":47 } ],
					[ { "x":54, "y":13 }, { "x":62, "y":19 }, { "x":80, "y":23 }, { "x":74, "y":10 }, { "x":68, "y":3 }, { "x":60, "y":3 }, { "x":55, "y":6 } ],
					[ { "x":80, "y":23 }, { "x":62, "y":19 }, { "x":69, "y":28 }, { "x":83, "y":44 } ],
					[ { "x":14, "y":50 }, { "x":11, "y":54 }, { "x":11, "y":82 }, { "x":18, "y":49 } ],
					[ { "x":35, "y":193 }, { "x":44, "y":193 }, { "x":48, "y":190 }, { "x":49, "y":187 }, { "x":30, "y":181 }, { "x":31, "y":189 } ],
					[ { "x":4, "y":60 }, { "x":2, "y":65 }, { "x":2, "y":75 }, { "x":6, "y":80 }, { "x":11, "y":82 }, { "x":8, "y":57 } ],
					[ { "x":127, "y":110 }, { "x":131, "y":106 }, { "x":133, "y":100 }, { "x":132, "y":87 }, { "x":125, "y":73 }, { "x":115, "y":62 }, { "x":116, "y":111 } ],
					[ { "x":1, "y":142 }, { "x":10, "y":162 }, { "x":27, "y":180 }, { "x":7, "y":96 }, { "x":4, "y":102 }, { "x":1, "y":115 } ],
					[ { "x":49, "y":187 }, { "x":72, "y":182 }, { "x":90, "y":172 }, { "x":100, "y":161 }, { "x":101, "y":157 }, { "x":30, "y":181 } ],
					[ { "x":103, "y":156 }, { "x":106, "y":150 }, { "x":106, "y":147 }, { "x":30, "y":181 }, { "x":101, "y":157 } ],
					[ { "x":7, "y":92 }, { "x":7, "y":96 }, { "x":27, "y":180 }, { "x":30, "y":181 }, { "x":106, "y":147 }, { "x":115, "y":62 }, { "x":113, "y":62 }, { "x":11, "y":84 } ],
					[ { "x":62, "y":21 }, { "x":69, "y":28 }, { "x":62, "y":19 } ],
					[ { "x":29, "y":43 }, { "x":22, "y":47 }, { "x":11, "y":82 }, { "x":11, "y":84 }, { "x":83, "y":44 }, { "x":75, "y":42 }, { "x":65, "y":40 }, { "x":44, "y":40 } ],
					[ { "x":106, "y":55 }, { "x":83, "y":44 }, { "x":11, "y":84 }, { "x":113, "y":62 } ],
					[ { "x":116, "y":111 }, { "x":115, "y":62 }, { "x":106, "y":147 }, { "x":111, "y":136 } ],
					[ { "x":69, "y":28 }, { "x":75, "y":42 }, { "x":83, "y":44 } ]
				]
			}
		]
	},
	"acorn2": {
		"type": "fromPhysicsEditor",
		"label": "acorn2",
		"isStatic": false,
		"density": 0.10000000149011612,
		"restitution": 0,
		"friction": 0.10000000149011612,
		"frictionAir": 0.009999999776482582,
		"frictionStatic": 0.5,
		"collisionFilter": {
			"group": 0,
			"category": 1,
			"mask": 255
		},
		"fixtures": [
			{
				"label": "",
				"isSensor": false,
				"vertices": [
					[ { "x":70, "y":13 }, { "x":70, "y":8 }, { "x":68, "y":5 }, { "x":64, "y":3 }, { "x":56, "y":3 }, { "x":50, "y":10 }, { "x":67, "y":14 } ],
					[ { "x":67, "y":14 }, { "x":50, "y":10 }, { "x":45, "y":20 }, { "x":42, "y":31 }, { "x":55, "y":28 } ],
					[ { "x":55, "y":28 }, { "x":42, "y":31 }, { "x":41, "y":45 }, { "x":50, "y":38 } ],
					[ { "x":86, "y":191 }, { "x":93, "y":193 }, { "x":97, "y":192 }, { "x":102, "y":181 }, { "x":82, "y":185 } ],
					[ { "x":101, "y":188 }, { "x":102, "y":181 }, { "x":97, "y":192 } ],
					[ { "x":130, "y":78 }, { "x":133, "y":74 }, { "x":133, "y":63 }, { "x":130, "y":57 }, { "x":116, "y":45 }, { "x":95, "y":38 }, { "x":69, "y":37 }, { "x":124, "y":80 } ],
					[ { "x":50, "y":38 }, { "x":41, "y":45 }, { "x":50, "y":41 } ],
					[ { "x":7, "y":107 }, { "x":17, "y":107 }, { "x":11, "y":68 }, { "x":8, "y":70 }, { "x":2, "y":81 }, { "x":0, "y":89 }, { "x":0, "y":96 }, { "x":3, "y":104 } ],
					[ { "x":69, "y":37 }, { "x":50, "y":41 }, { "x":41, "y":45 }, { "x":11, "y":66 }, { "x":43, "y":169 }, { "x":123, "y":159 }, { "x":124, "y":80 } ],
					[ { "x":129, "y":151 }, { "x":133, "y":138 }, { "x":133, "y":115 }, { "x":128, "y":93 }, { "x":124, "y":84 }, { "x":123, "y":159 } ],
					[ { "x":82, "y":185 }, { "x":102, "y":181 }, { "x":106, "y":177 }, { "x":43, "y":169 }, { "x":49, "y":175 }, { "x":68, "y":183 } ],
					[ { "x":31, "y":157 }, { "x":41, "y":169 }, { "x":43, "y":169 }, { "x":11, "y":66 }, { "x":11, "y":68 }, { "x":22, "y":135 } ],
					[ { "x":23, "y":55 }, { "x":11, "y":66 }, { "x":41, "y":45 } ],
					[ { "x":108, "y":177 }, { "x":123, "y":161 }, { "x":123, "y":159 }, { "x":43, "y":169 }, { "x":106, "y":177 } ]
				]
			}
		]
	},
	"acorn3": {
		"type": "fromPhysicsEditor",
		"label": "acorn3",
		"isStatic": false,
		"density": 0.10000000149011612,
		"restitution": 0,
		"friction": 0.10000000149011612,
		"frictionAir": 0.009999999776482582,
		"frictionStatic": 0.5,
		"collisionFilter": {
			"group": 0,
			"category": 1,
			"mask": 255
		},
		"fixtures": [
			{
				"label": "",
				"isSensor": false,
				"vertices": [
					[ { "x":54, "y":13 }, { "x":62, "y":19 }, { "x":80, "y":23 }, { "x":74, "y":10 }, { "x":68, "y":3 }, { "x":60, "y":3 }, { "x":55, "y":6 } ],
					[ { "x":80, "y":23 }, { "x":62, "y":19 }, { "x":69, "y":28 }, { "x":83, "y":44 } ],
					[ { "x":43, "y":193 }, { "x":48, "y":189 }, { "x":48, "y":187 }, { "x":30, "y":181 }, { "x":30, "y":187 }, { "x":32, "y":191 }, { "x":35, "y":193 } ],
					[ { "x":3, "y":76 }, { "x":7, "y":80 }, { "x":64, "y":40 }, { "x":45, "y":40 }, { "x":33, "y":42 }, { "x":16, "y":49 }, { "x":6, "y":58 }, { "x":2, "y":67 } ],
					[ { "x":127, "y":111 }, { "x":131, "y":107 }, { "x":133, "y":102 }, { "x":133, "y":90 }, { "x":125, "y":73 }, { "x":110, "y":58 }, { "x":102, "y":54 }, { "x":116, "y":112 } ],
					[ { "x":10, "y":162 }, { "x":28, "y":181 }, { "x":30, "y":181 }, { "x":75, "y":42 }, { "x":12, "y":82 }, { "x":6, "y":96 }, { "x":1, "y":116 }, { "x":2, "y":145 } ],
					[ { "x":62, "y":21 }, { "x":69, "y":28 }, { "x":62, "y":19 } ],
					[ { "x":89, "y":173 }, { "x":98, "y":164 }, { "x":107, "y":148 }, { "x":114, "y":126 }, { "x":116, "y":112 }, { "x":30, "y":181 }, { "x":58, "y":186 }, { "x":75, "y":181 } ],
					[ { "x":64, "y":40 }, { "x":7, "y":80 }, { "x":12, "y":82 }, { "x":75, "y":42 } ],
					[ { "x":48, "y":187 }, { "x":58, "y":186 }, { "x":30, "y":181 } ],
					[ { "x":116, "y":112 }, { "x":102, "y":54 }, { "x":101, "y":52 }, { "x":83, "y":44 }, { "x":75, "y":42 }, { "x":30, "y":181 } ],
					[ { "x":0, "y":134 }, { "x":2, "y":145 }, { "x":1, "y":116 } ],
					[ { "x":69, "y":28 }, { "x":75, "y":42 }, { "x":83, "y":44 } ]
				]
			}
		]
	},
	"acorn4": {
		"type": "fromPhysicsEditor",
		"label": "acorn4",
		"isStatic": false,
		"density": 0.1,
		"restitution": 0,
		"friction": 0.1,
		"frictionAir": 0.01,
		"frictionStatic": 0.5,
		"collisionFilter": {
			"group": 0,
			"category": 1,
			"mask": 255
		},
		"fixtures": [
			{
				"label": "",
				"isSensor": false,
				"vertices": [
					[ { "x":70, "y":13 }, { "x":70, "y":8 }, { "x":68, "y":5 }, { "x":64, "y":3 }, { "x":56, "y":3 }, { "x":50, "y":10 }, { "x":67, "y":14 } ],
					[ { "x":67, "y":14 }, { "x":50, "y":10 }, { "x":45, "y":20 }, { "x":42, "y":31 }, { "x":55, "y":28 } ],
					[ { "x":55, "y":28 }, { "x":42, "y":31 }, { "x":41, "y":45 }, { "x":50, "y":38 } ],
					[ { "x":133, "y":73 }, { "x":133, "y":65 }, { "x":128, "y":55 }, { "x":120, "y":48 }, { "x":111, "y":43 }, { "x":94, "y":38 }, { "x":72, "y":37 }, { "x":128, "y":79 } ],
					[ { "x":100, "y":190 }, { "x":102, "y":181 }, { "x":82, "y":186 }, { "x":85, "y":191 }, { "x":89, "y":193 }, { "x":95, "y":193 } ],
					[ { "x":8, "y":108 }, { "x":16, "y":108 }, { "x":41, "y":45 }, { "x":24, "y":54 }, { "x":9, "y":68 }, { "x":0, "y":86 }, { "x":0, "y":99 }, { "x":2, "y":104 } ],
					[ { "x":50, "y":38 }, { "x":41, "y":45 }, { "x":50, "y":41 } ],
					[ { "x":72, "y":37 }, { "x":50, "y":41 }, { "x":41, "y":45 }, { "x":123, "y":80 }, { "x":128, "y":79 } ],
					[ { "x":16, "y":108 }, { "x":22, "y":138 }, { "x":29, "y":155 }, { "x":41, "y":170 }, { "x":43, "y":170 }, { "x":123, "y":82 }, { "x":123, "y":80 }, { "x":41, "y":45 } ],
					[ { "x":82, "y":186 }, { "x":102, "y":181 }, { "x":106, "y":179 }, { "x":127, "y":91 }, { "x":123, "y":82 }, { "x":43, "y":170 }, { "x":51, "y":177 }, { "x":69, "y":184 } ],
					[ { "x":129, "y":151 }, { "x":133, "y":136 }, { "x":133, "y":117 }, { "x":127, "y":91 }, { "x":106, "y":179 } ],
					[ { "x":124, "y":160 }, { "x":125, "y":156 }, { "x":106, "y":179 } ]
				]
			}
		]
	}
}
